Elapsed time;HTTP Request (DELETE);HTTP Request (GET);HTTP Request (POST)
00:10:05,0;;;2.845238095238096
00:10:05,500;;;0.3963344351216203
00:10:06,0;;;1.1520146520146515
00:10:06,500;;;1.205123343589028
00:10:07,0;;;1.4320572149768638
00:10:07,500;;;2.694801565120183
00:10:08,0;;;2.0997830802603037
00:10:08,500;;;3.571802935010485
00:10:09,0;;;2.7149705014749204
00:10:09,500;;;4.435133770822823
00:10:10,0;;;5.978775015160695
00:10:10,500;;;3.5658552850950294
00:10:11,0;;;4.85614198972443
00:10:11,500;;;4.974707436768594
00:10:12,0;;;4.572688663835339
00:10:12,500;;;8.4804905239688
00:10:13,0;;;5.1863968200829165
00:10:13,500;;;6.017980636237885
00:10:14,0;;;7.501689823507333
00:10:14,500;;;5.855594405594401
00:10:15,0;;;7.165569620253165
00:10:15,500;;;8.938305084745787
00:10:16,0;;;7.71797520661158
00:10:16,500;;;6.3410749834107545
00:10:17,0;;;7.885856256086458
00:10:17,500;;;8.946240601503758
00:10:18,0;;;10.921526277897796
00:10:18,500;;;7.811662198391432
00:10:19,0;;;9.799915754001693
00:10:19,500;;;8.795407813570911
00:10:20,0;;;12.292739147137912
00:10:20,500;;;15.849935316946985
00:10:21,0;;;10.659165154264969
00:10:21,500;;;9.686019352686007
00:10:22,0;;;13.704984283789848
00:10:22,500;;;11.575253256150488
00:10:23,0;;;13.096707105719233
00:10:23,500;;;10.820751687321653
00:10:24,0;;;8.177609980302023
00:10:24,500;;;14.568106312292354
00:10:25,0;;;15.762491444216337
00:10:25,500;;;14.368716200178131
00:10:26,0;;;13.879166666666656
00:10:26,500;;;11.783726664318422
00:10:27,0;;;20.524701195219123
00:10:27,500;;;19.590695856137582
00:10:28,0;;;17.747807252877767
00:10:28,500;;;16.252199413489738
00:10:29,0;;;13.138537271448659
00:10:29,500;;;20.31213872832368
00:10:30,0;;;12.11657559198542
00:10:30,500;;;14.698548567175273
00:10:31,0;;;10.763864666899194
00:10:31,500;;;27.83956043956045
00:10:32,0;;;17.869274076216126
00:10:32,500;;;30.1687270274189
00:10:33,0;;;20.471449487554946
00:10:33,500;;;17.893271461716957
00:10:34,0;;;16.186499652052895
00:10:34,500;;;11.161681487469677
00:10:35,0;;;32.53857298080403
00:10:35,500;;;16.147143890093986
00:10:36,0;;;19.534126706335314
00:10:36,500;;;25.43867566427668
00:10:37,0;;;16.585561497326218
00:10:37,500;;;51.22256214149137
00:10:38,0;;;21.039441535776604
00:10:38,500;;;22.923450336071696
00:10:39,0;;;30.432060390763777
00:10:39,500;;;21.68994123746974
00:10:40,0;;;18.76949982511368
00:10:40,500;;;22.716839470861647
00:10:41,0;;;23.651289502361017
00:10:41,500;;;23.07426778242674
00:10:42,0;;;29.030558482613277
00:10:42,500;;;24.064149560117258
00:10:43,0;;;25.938181818181803
00:10:43,500;;;29.20798848506664
00:10:44,0;;;26.916900420757354
00:10:44,500;;;30.236144560053805
00:10:45,0;;;22.076283618581908
00:10:45,500;;;33.6575920245399
00:10:46,0;;;46.99551203590375
00:10:46,500;;;23.239355581127768
00:10:47,0;;;26.726267894746172
00:10:47,500;;;25.314695340501792
00:10:48,0;;;23.802827380952394
00:10:48,500;;;21.161764705882316
00:10:49,0;;;43.360784313725425
00:10:49,500;;;31.957327736971084
00:10:50,0;;;31.23246844319784
00:10:50,500;;;26.252343186733917
00:10:51,0;;;35.52890064223651
00:10:51,500;;;35.84061754406449
00:10:52,0;;;37.48510638297872
00:10:52,500;;;33.65726467489789
00:10:53,0;;;47.03277409285997
00:10:53,500;;;41.149797570850296
00:10:54,0;;;20.28994783357068
00:10:54,500;;;33.39902676399022
00:10:55,0;;;39.38533766702782
00:10:55,500;;;47.199012533232064
00:10:56,0;;;41.76272427682172
00:10:56,500;;;41.99892780557549
00:10:57,0;;;20.614399446175113
00:10:57,500;;;34.47674418604657
00:10:58,0;;;43.53941908713702
00:10:58,500;;;37.858687546606966
00:10:59,0;;;33.84059590316577
00:10:59,500;;;49.42426645519433
00:11:00,0;;;24.140144078900782
00:11:00,500;;;35.40634005763687
00:11:01,0;;;45.624279677295384
00:11:01,500;;;33.18397412863817
00:11:02,0;;;36.92825495263134
00:11:02,500;;;34.67116182572611
00:11:03,0;;;50.1837524177949
00:11:03,500;;;52.415833666533366
00:11:04,0;;;29.160056160056236
00:11:04,500;;;30.067790399413685
00:11:05,0;;;17.041023842917255
00:11:05,500;;;65.80536626916509
00:11:06,0;;;29.993545784590545
00:11:06,500;;;23.558464849354397
00:11:07,0;;;24.583631165117993
00:11:07,500;;;56.873726346433855
00:11:08,0;;;41.12861491628613
00:11:08,500;;;56.48970873786411
00:11:09,0;;;17.085375633782316
00:11:09,500;;;14.96757028942483
00:11:10,0;;;18.77001897533205
00:11:10,500;;;38.592860178495535
00:11:11,0;;;13.459429000751301
00:11:11,500;;;18.49766355140188
00:11:12,0;;;31.55412691829123
00:11:12,500;;;24.42208720514661
00:11:13,0;;;102.07229804500189
00:11:13,500;;;39.78889728096678
00:11:14,0;;;21.155290102389035
00:11:14,500;;;17.525625329267147
00:11:15,0;;;32.56743119266057
00:11:15,500;;;50.81791907514451
00:11:16,0;;;37.351205320033245
00:11:16,500;;;34.47605284888519
00:11:17,0;;;19.9168975069252
00:11:17,500;;;16.286141202838998
00:11:18,0;;;25.41027445460943
00:11:18,500;;;68.08992607355
00:11:19,0;;;90.01098498718417
00:11:19,500;;;22.01839869310868
00:11:20,0;;;25.795902883156298
00:11:20,500;;;19.807048771804943
00:11:21,0;;;115.90412621359224
00:11:21,500;;;32.87295984819669
00:11:22,0;;;17.928395061728413
00:11:22,500;;;26.724570673712037
00:11:23,0;;;78.93855356171832
00:11:23,500;;;47.241772151898736
00:11:24,0;;;29.0772702778566
00:11:24,500;;;29.18792452830188
00:11:25,0;;;49.825462012320415
00:11:25,500;;;50.6702577914582
00:11:26,0;;;16.11885981404517
00:11:26,500;;;36.98752293577981
00:11:27,0;;;28.980973289425474
00:11:27,500;;;29.93650870552729
00:11:28,0;;;36.273664825046026
00:11:28,500;;;26.385292047853593
00:11:29,0;;;26.0014936519791
00:11:29,500;;;22.73353869849823
00:11:30,0;;;29.061553985872877
00:11:30,500;;;35.774271012006835
00:11:31,0;;;42.334464555052726
00:11:31,500;;;92.08066914498117
00:11:32,0;;;20.641845259716636
00:11:32,500;;;30.264878201209132
00:11:33,0;;;25.658571181910172
00:11:33,500;;;32.58347558893822
00:11:34,0;;;52.50412371134023
00:11:34,500;;;33.97907360143147
00:11:35,0;;;24.855196199064196
00:11:35,500;;;61.960763138948835
00:11:36,0;;;36.91787099048289
00:11:36,500;;;101.8449062341612
00:11:37,0;;;40.5014903155573
00:11:37,500;;;40.046898638426676
00:11:38,0;;;37.5409608029637
00:11:38,500;;;35.57419604804342
00:11:39,0;;;35.694922737306754
00:11:39,500;;;40.394129158512705
00:11:40,0;;;38.10903931901088
00:11:40,500;;;33.49979895456371
00:11:41,0;;;36.720743711265094
00:11:41,500;;;27.460311707140274
00:11:42,0;;;31.36106557377051
00:11:42,500;;;28.340051300842788
00:11:43,0;;;38.73086781398755
00:11:43,500;;;36.62007260039523
00:11:44,0;;;29.638800705467382
00:11:44,500;;;41.555515887183184
00:11:45,0;;17.571428571428573;28.2777183600713
00:11:45,500;;10.724137931034482;25.87642450142446
00:11:46,0;;13.222222222222221;27.339670014347213
00:11:46,500;;17.41176470588235;33.376130113177524
00:11:47,0;;29.391304347826086;31.37825188716717
00:11:47,500;;20.17391304347826;31.529853862212956
00:11:48,0;;13.799999999999997;49.684357541899445
00:11:48,500;;11.505882352941178;22.102901353965137
00:11:49,0;;45.46153846153846;66.11333689008676
00:11:49,500;;13.488;37.01934235976799
00:11:50,0;;43.40782122905029;37.835764079740585
00:11:50,500;;12.64516129032258;35.692777990065075
00:11:51,0;;40.028846153846175;31.813384321223793
00:11:51,500;;19.552631578947377;24.60691640706129
00:11:52,0;;29.041884816753928;35.58150289017345
00:11:52,500;;50.55905511811024;51.09880115750316
00:11:53,0;;17.712230215827336;37.79244424214833
00:11:53,500;;32.57798165137614;64.52311691743748
00:11:54,0;;23.517647058823528;28.71088129496402
00:11:54,500;;72.83760683760681;52.22223435240782
00:11:55,0;;28.067307692307693;53.91238532110093
00:11:55,500;;26.897849462365592;64.59212073992148
00:11:56,0;;76.74175824175826;73.91478873239446
00:11:56,500;;29.441025641025654;53.67394250985454
00:11:57,0;;74.75892857142856;39.18273078043147
00:11:57,500;;36.50273224043714;46.68384171475679
00:11:58,0;;60.24528301886792;55.905748057287695
00:11:58,500;;42.68595041322313;35.297732136731206
00:11:59,0;;34.380208333333336;35.67234654937134
00:11:59,500;;40.4559585492228;38.23166332665328
00:12:00,0;;27.131313131313174;39.52434122376066
00:12:00,500;;25.118279569892454;55.29658988387219
00:12:01,0;;81.29257641921394;67.75011504832015
00:12:01,500;;18.713846153846145;33.02924256951098
00:12:02,0;;20.365168539325836;22.635748494938245
00:12:02,500;;160.01418439716312;123.73563802745271
00:12:03,0;;44.30451127819548;49.020059649475556
00:12:03,500;;26.374429223744283;50.40042546638596
00:12:04,0;;59.46927374301675;47.333472106577844
00:12:04,500;;39.90128755364807;42.31631018501858
00:12:05,0;;50.994350282485875;35.28348397699258
00:12:05,500;;123.53431372549028;42.2170187812327
00:12:06,0;;55.62295081967212;41.28496503496494
00:12:06,500;;24.596774193548402;27.801742919389987
00:12:07,0;;68.75490196078432;69.22813345356178
00:12:07,500;;139.572072072072;120.17105263157904
00:12:08,0;;46.85185185185184;72.97344110854509
00:12:08,500;;46.81751824817517;49.33701149425288
00:12:09,0;;65.0213675213675;50.77648202138003
00:12:09,500;;58.17894736842105;57.26264690853358
00:12:10,0;;42.65714285714287;49.05295007564295
00:12:10,500;;95.32710280373831;68.36108555657789
00:12:11,0;;43.0;51.15208545269583
00:12:11,500;;52.19166666666667;59.47420020639833
00:12:12,0;;54.81684981684976;46.8726640591047
00:12:12,500;;65.51449275362319;59.497676819824434
00:12:13,0;;55.950819672131146;58.088778054862765
00:12:13,500;;58.23312883435584;53.95009505703421
00:12:14,0;;60.16044776119403;64.32930746646706
00:12:14,500;;71.31679389312977;48.111613194758256
00:12:15,0;;75.66666666666667;57.201418439716264
00:12:15,500;;73.26086956521739;56.02823116511124
00:12:16,0;;55.70098039215687;34.480697384806945
00:12:16,500;;50.461538461538474;41.095552619991196
00:12:17,0;;98.85232067510546;48.90461694571285
00:12:17,500;;40.74659400544963;40.32697547683928
00:12:18,0;;79.38317757009344;47.69141323792487
00:12:18,500;;47.07169811320753;55.98653846153851
00:12:19,0;;71.74429223744295;39.78372811534502
00:12:19,500;;104.58893280632414;64.2318224740321
00:12:20,0;;87.06779661016952;66.27213722763102
00:12:20,500;;215.19631901840492;194.89878542510127
00:12:21,0;;31.971731448763236;17.252548656163096
00:12:21,500;;16.806985294117645;25.014639071176173
00:12:22,0;;28.756962025316454;27.048973143759866
00:12:22,500;;26.737100737100747;25.16085372201976
00:12:23,0;;29.9465648854962;27.738880167451587
00:12:23,500;;23.855670103092777;26.133369624387598
00:12:24,0;;31.459546925566336;24.416711882799774
00:12:24,500;;35.834183673469404;40.39804772234277
00:12:25,0;;24.03058823529412;66.13232733604191
00:12:25,500;;1005.3034482758623;960.9797468354426
00:12:26,0;;209.82692307692307;37.48087021755438
00:12:26,500;;40.96969696969697;28.35042735042737
00:12:27,0;;31.864406779661028;37.41873481224955
00:12:27,500;;24.58071748878924;24.409374999999986
00:12:28,0;;33.61702127659578;32.0529172558441
00:12:28,500;;30.065573770491795;28.90600393700789
00:12:29,0;;25.848072562358293;27.928108060934576
00:12:29,500;;28.97245762711864;28.285340314136132
00:12:30,0;;53.5212121212121;30.111600587371495
00:12:30,500;;158.64688427299706;286.2123817712812
00:12:31,0;;436.5937500000001;340.0651159046996
00:12:31,500;;32.006726457399104;26.510521042084182
00:12:32,0;;26.78096947935369;31.171938775510206
00:12:32,500;;29.708571428571425;29.70558631102167
00:12:33,0;;21.357264957264956;31.370649651972116
00:12:33,500;;28.844364937388214;33.507196315486574
00:12:34,0;;93.37650602409651;51.30716934487027
00:12:34,500;;51.636209813874785;34.75816270060871
00:12:35,0;;28.667660208643827;44.76336375488916
00:12:35,500;;45.29872881355933;35.45258166491043
00:12:36,0;;707.3631284916204;996.1319534282015
00:12:36,500;;25.99999999999999;31.94487471526186
00:12:37,0;;41.285714285714256;31.590971272229794
00:12:37,500;;67.68975903614455;35.03408545367255
00:12:38,0;;35.67655786350146;39.377707006369484
00:12:38,500;;26.847195357833655;35.050443727309386
00:12:39,0;;43.07011766909077;39.50272925764199
00:12:39,500;;29.890566037735848;39.13682846386984
00:12:40,0;;84.77880184331798;91.04129323655208
00:12:40,500;;54.697674418604684;53.66348701642813
00:12:41,0;;402.4397163120567;341.12640449438214
00:12:41,500;;224.65870307167216;253.3641133263375
00:12:42,0;;28.61275272161741;40.31023454157783
00:12:42,500;;37.48322147651003;39.55416012558868
00:12:43,0;;35.07199999999999;37.95529801324512
00:12:43,500;;45.83620689655175;40.10551129296982
00:12:44,0;;79.12433862433862;59.65861610996747
00:12:44,500;;34.980712166172125;45.606576629477395
00:12:45,0;;62.02228412256272;89.54883291555478
00:12:45,500;;53.228519195612435;55.96554884364564
00:12:46,0;;46.76791277258567;47.5030959752322
00:12:46,500;;295.5483870967745;622.9683544303797
00:12:47,0;;34.17105263157893;38.01936159079007
00:12:47,500;;32.71453287197231;33.92811105602386
00:12:48,0;;38.10375670840788;40.69960022844095
00:12:48,500;;39.19215686274512;36.54338153503889
00:12:49,0;;28.38765822784809;42.467624363999846
00:12:49,500;;31.439999999999976;41.90473407364118
00:12:50,0;;48.73360655737705;38.5582450416417
00:12:50,500;;54.31749460043192;48.18674698795184
00:12:51,0;;47.38078902229845;43.62171428571422
00:12:51,500;;36.61188118811882;150.4790849673203
00:12:52,0;;7.345945945945946;30.06297577854674
00:12:52,500;;739.1697247706423;756.9693333333333
00:12:53,0;;59.5521978021978;42.150981378963245
00:12:53,500;;48.99380804953557;32.93877551020402
00:12:54,0;;50.48728813559322;36.68984771573606
00:12:54,500;;27.329588014981265;38.2247502774695
00:12:55,0;;36.71456692913387;39.500729217306755
00:12:55,500;;58.74199507389162;35.19635826771655
00:12:56,0;;24.815286624203818;37.63097826086955
00:12:56,500;;51.968660968661;57.048235294117646
00:12:57,0;;30.76449275362321;33.93443443443442
00:12:57,500;;708.4599483204134;638.9762658227853
00:12:58,0;;33.2476923076923;45.466625463535124
00:12:58,500;;33.09975605789561;33.888336097291216
00:12:59,0;;34.88688524590164;45.27511961722499
00:12:59,500;;28.92464678178964;44.429016189290145
00:13:00,0;;46.75822050290134;57.04322580645156
00:13:00,500;;49.30223123732253;33.64036996735587
00:13:01,0;;57.33069306930692;68.97463002114142
00:13:01,500;;55.02074688796681;57.459045374189834
00:13:02,0;;100.60119047619048;126.05224339274757
00:13:02,500;;101.59163987138265;94.23758895567141
00:13:03,0;;370.37142857142896;363.57419354838754
00:13:03,500;;36.93201754385964;35.46581258939091
00:13:04,0;;32.357938718662986;49.7383376723498
00:13:04,500;;42.18032786885247;41.872023809523775
00:13:05,0;;94.42180094786734;78.32708218422499
00:13:05,500;;46.782778864970645;52.43911007025761
00:13:06,0;;49.60261194029852;74.91598119859002
00:13:06,500;;38.83467741935484;48.14891518737675
00:13:07,0;;42.1507537688442;51.23714067932886
00:13:07,500;;56.251685393258434;47.19082840236692
00:13:08,0;;762.8737864077668;501.477695167286
00:13:08,500;;47.1187214611872;36.26086722592101
00:13:09,0;;55.699300699300714;42.085443037974585
00:13:09,500;;32.764925373134325;33.67868338558007
00:13:10,0;;43.48301886792452;42.61624649859944
00:13:10,500;;44.62461538461541;28.838644410723333
00:13:11,0;;69.63914373088684;51.09591280653952
00:13:11,500;;63.240700218818354;42.160376720107685
00:13:12,0;;37.98418972332014;49.12686138302253
00:13:12,500;;50.97797356828195;50.6837965390666
00:13:13,0;;255.5136612021858;253.2719298245613
00:13:13,500;;413.45874587458775;419.41991341991286
00:13:14,0;;41.208955223880615;30.859745762711857
00:13:14,500;;34.49691991786446;31.553742802303304
00:13:15,0;;39.73004694835677;27.21749084249084
00:13:15,500;;40.26274509803922;48.92326580724369
00:13:16,0;;80.93467336683418;42.40735146022155
00:13:16,500;;51.04895104895104;55.15640599001664
00:13:17,0;;37.43672839506177;41.552563438632845
00:13:17,500;;51.50943396226416;77.33230006199625
00:13:18,0;;46.03899082568811;36.40657184894556
00:13:18,500;;621.8846153846154;600.373120300752
00:13:19,0;;39.35238095238094;37.41818181818182
00:13:19,500;;50.69191919191919;39.011016524787166
00:13:20,0;;39.633333333333354;31.997849462365618
00:13:20,500;;64.02637889688246;44.342675159235704
00:13:21,0;;56.277777777777786;34.56201975850712
00:13:21,500;;170.64269141531318;83.91702701356995
00:13:22,0;;91.03030303030303;104.42542613636365
00:13:22,500;;43.56567796610171;43.192714453584
00:13:23,0;;65.79319371727748;46.229020032485145
00:13:23,500;;132.7420147420147;176.46440912232214
00:13:24,0;;727.4465408805027;725.5008210180629
00:13:24,500;;49.19770114942528;35.48783977110153
00:13:25,0;;49.43176733780759;40.807780320366234
00:13:25,500;;244.20472440944883;83.61586638830894
00:13:26,0;121.0;52.1132075471698;72.27108013937287
00:13:26,500;90.75;37.77799227799229;46.138987043580656
00:13:27,0;57.6;55.669172932330845;41.29898305084745
00:13:27,500;111.4;146.22933333333324;157.7932584269661
00:13:28,0;31.714285714285715;66.73429084380601;65.2963567156064
00:13:28,500;47.0;24.74548736462094;35.184629376989534
00:13:29,0;104.46153846153847;630.0922509225094;391.4690415606445
00:13:29,500;31.692307692307693;43.880859374999986;33.729127134724884
00:13:30,0;37.857142857142854;38.891221374045784;27.24552547039928
00:13:30,500;13.421052631578945;28.499286733238232;33.55476311767698
00:13:31,0;23.5;34.49488054607507;37.74766355140187
00:13:31,500;52.705882352941174;30.77251184834123;32.95245559038661
00:13:32,0;20.024390243902438;31.156028368794313;24.853386809269185
00:13:32,500;109.11111111111111;30.992272024729505;34.714357682619706
00:13:33,0;10.12359550561798;46.00688073394496;35.40547656661396
00:13:33,500;22.153846153846153;19.971070823358538;26.370391061452498
00:13:34,0;84.6470588235294;52.200385356454696;59.675741076829944
00:13:34,500;1144.4;1437.2429378531072;929.924145299148
00:13:35,0;36.22222222222222;37.637813211845085;33.27694538424364
00:13:35,500;22.12121212121212;33.951434878587236;32.27251407129454
00:13:36,0;159.33333333333334;34.806201550387584;31.50216308439928
00:13:36,500;31.354166666666668;42.91081081081081;42.35130434782607
00:13:37,0;29.69696969696969;30.56643356643356;32.891511575124866
00:13:37,500;25.76595744680851;35.216814159292056;31.207762557077626
00:13:38,0;62.81818181818182;35.14348785871966;35.148669796557044
00:13:38,500;60.96;41.265909090909076;38.27529677784057
00:13:39,0;48.30434782608695;73.0364741641337;32.837814767392224
00:13:39,500;29.76923076923077;706.0278637770897;371.8645655877342
00:13:40,0;161.69230769230776;265.4004424778762;295.67960251045963
00:13:40,500;18.766233766233764;47.86284722222221;33.89529520295204
00:13:41,0;24.620253164556964;35.76527331189709;28.563551401869173
00:13:41,500;140.15384615384616;36.86309523809524;34.16785714285702
00:13:42,0;50.754716981132084;58.548319327731114;39.49383545918364
00:13:42,500;44.509433962264154;36.897822445561154;34.72044728434508
00:13:43,0;18.311475409836067;32.13993710691821;35.061956521739035
00:13:43,500;34.52542372881354;41.02071823204418;42.30412946428569
00:13:44,0;27.51851851851851;33.816770186335376;36.92521246458918
00:13:44,500;40.86363636363637;38.42313546423134;37.504001067204435
00:13:45,0;638.8695652173913;652.3264462809917;1731.5275590551182
00:13:45,500;41.294117647058826;63.70631067961165;52.07521058965101
00:13:46,0;47.0;42.83446712018145;33.999093381686336
00:13:46,500;38.03076923076923;74.34411764705882;50.89913544668588
00:13:47,0;95.4074074074074;45.06590909090912;36.83111347895579
00:13:47,500;43.56896551724138;45.03225806451611;39.4057291666667
00:13:48,0;36.68333333333333;38.49358974358976;38.52559254528158
00:13:48,500;14.3955223880597;57.48512585812356;59.58904899135447
00:13:49,0;26.436363636363634;87.30666666666667;49.85699096225412
00:13:49,500;113.79104477611936;82.30167597765363;72.78824235152973
00:13:50,0;88.41071428571429;138.5573033707865;97.58800585080446
00:13:50,500;514.1111111111111;506.32975871313704;393.865237366002
00:13:51,0;24.116071428571427;40.76138433515479;37.19268418341062
00:13:51,500;26.017094017094017;36.01404056162242;37.77239583333347
00:13:52,0;44.69230769230769;37.11437908496735;38.922459893048114
00:13:52,500;100.28125;37.80943738656988;40.475128644939936
00:13:53,0;27.948275862068964;58.826405867970664;51.129829005699776
00:13:53,500;21.604477611940297;29.667556742323107;35.47885835095138
00:13:54,0;34.01020408163265;37.31351351351352;36.108684863523585
00:13:54,500;33.255639097744364;47.704946996466454;43.43923705722078
00:13:55,0;36.07547169811322;33.12011173184359;42.069842988630214
00:13:55,500;34.111111111111114;1168.8064516129034;1109.305084745762
00:13:56,0;67.27536231884058;55.1288056206089;53.737091988130565
00:13:56,500;24.211267605633807;48.464135021097064;32.735711216158144
00:13:57,0;24.829545454545453;45.37740384615382;44.76618478944059
00:13:57,500;28.514492753623188;42.25448028673835;46.860787576261835
00:13:58,0;40.94736842105263;26.41844919786095;38.66315205327414
00:13:58,500;62.090909090909065;46.67269439421338;43.83735460878407
00:13:59,0;55.88607594936709;45.59877800407336;47.08345534407035
00:13:59,500;33.5084745762712;42.261648745519665;43.81239892183283
00:14:00,0;40.4020618556701;48.402272727272745;43.38122113904568
00:14:00,500;300.1090909090909;151.62383177570103;100.2881667688535
00:14:01,0;805.0277777777776;533.266343825665;646.0517737296259
00:14:01,500;42.02857142857142;45.50853242320818;38.52519379844961
00:14:02,0;57.36956521739131;66.88104089219321;48.86252558164586
00:14:02,500;25.288235294117648;48.45800316957213;40.0811843361987
00:14:03,0;24.13235294117647;52.84997760859829;73.93741387877198
00:14:03,500;103.88571428571429;41.23343848580438;44.525647058823544
00:14:04,0;126.67441860465118;60.28398058252428;46.10349784288628
00:14:04,500;79.8372093023256;157.48571428571427;112.84476309226935
00:14:05,0;174.88888888888889;137.99354838709675;82.43903688524587
00:14:05,500;404.83783783783775;184.8285714285715;107.94034378159756
00:14:06,0;154.98888888888888;356.12499999999994;243.23607647547806
00:14:06,500;48.14414414414414;43.31140350877191;46.446428571428534
00:14:07,0;104.85714285714275;48.615711252653945;39.37208147044221
00:14:07,500;59.63333333333334;49.14374999999997;54.76656151419561
00:14:08,0;78.93023255813951;59.18475750577366;47.86743148502229
00:14:08,500;22.66666666666667;41.13966480446925;33.91728701406119
00:14:09,0;121.17171717171719;130.34174757281545;180.84188626907095
00:14:09,500;81.77160493827161;103.31590909090909;70.94114380899484
00:14:10,0;37.30573248407644;46.804920913884004;39.22324628776242
00:14:10,500;122.16176470588232;110.72334293948127;67.84161809204717
00:14:11,0;301.40816326530586;161.5721649484537;100.17182956095608
00:14:11,500;207.97222222222223;264.8345153664304;353.0037707390648
00:14:12,0;126.75609756097559;64.91182364729464;49.96379296496074
00:14:12,500;48.415929203539804;57.331786542923425;46.055164319248846
00:14:13,0;53.89411764705882;50.07597173144876;49.12344280860705
00:14:13,500;84.83098591549296;83.65116279069774;60.948620876149256
00:14:14,0;38.65248226950355;44.79186991869917;47.181106471816214
00:14:14,500;36.56804733727812;55.250645301736895;64.78810020876827
00:14:15,0;37.15789473684211;31.247334754797443;42.041866028708114
00:14:15,500;112.98484848484851;72.65595463137996;94.040383143661
00:14:16,0;85.18823529411765;76.31749999999995;54.463435644814986
00:14:16,500;1213.90625;1191.2338308457713;1026.3284671532845
00:14:17,0;108.02564102564102;47.48800000000002;45.742121848739494
00:14:17,500;56.3984375;56.2418699186992;38.600000000000016
00:14:18,0;39.853333333333346;49.83905967450269;60.95371577574967
00:14:18,500;87.76106194690266;62.578288100208766;75.58806818181812
00:14:19,0;35.54773869346732;54.65188834154354;49.90372428877791
00:14:19,500;105.84172661870501;64.49900596421467;63.509339975093376
00:14:20,0;106.81818181818181;70.75365853658535;56.92262540021341
00:14:20,500;99.65040650406505;56.46536412078152;73.34243176178656
00:14:21,0;53.95302013422819;60.074950690335314;65.94835965978139
00:14:21,500;430.609756097561;311.54711246200606;196.72014652014653
00:14:22,0;304.5952380952381;452.24205378973096;352.2100638977636
00:14:22,500;68.5;61.334038054968254;48.46041784249594
00:14:23,0;48.13953488372093;42.05096660808435;36.600184246890834
00:14:23,500;45.904761904761926;43.357142857142826;57.260614934114194
00:14:24,0;34.726744186046496;60.87260034904011;47.93196405648261
00:14:24,500;11.85625;37.47554347826087;34.42454268292688
00:14:25,0;84.6011235955056;112.82235528942118;95.89933656496528
00:14:25,500;144.29940119760474;136.75992779783394;174.45284280936443
00:14:26,0;117.73282442748095;58.2834224598931;64.5622665006227
00:14:26,500;71.48046875000006;101.85215605749487;92.60487225193103
00:14:27,0;215.65909090909096;568.904977375566;565.7507082152969
00:14:27,500;57.22807017543859;43.30379746835444;59.986127167629974
00:14:28,0;234.06666666666666;214.33235294117642;163.38225255972705
00:14:28,500;59.19469026548673;66.57861635220125;43.3219487694626
00:14:29,0;65.5874125874126;64.204081632653;56.404545454545456
00:14:29,500;72.95614035087726;70.29145728643215;66.05940579657442
00:14:30,0;133.91780821917806;101.46205357142856;146.02859237536669
00:14:30,500;240.54022988505747;260.94832041343625;316.68281669873977
00:14:31,0;43.283132530120476;46.829568788501014;32.485852869846404
00:14:31,500;149.83606557377047;106.75524475524472;166.8972601715384
00:14:32,0;17.153846153846153;43.594861660079054;24.588456863952437
00:14:32,500;254.4537037037037;281.94014084507046;337.5376623376625
00:14:33,0;134.0068965517242;172.36336336336333;272.8470728793316
00:14:33,500;21.762376237623773;89.2720848056537;90.07323232323232
00:14:34,0;418.99999999999994;339.3497109826589;315.08239072085894
00:14:34,500;432.09589041095893;136.43508771929817;216.62463627546077
00:14:35,0;44.64772727272728;30.732313575525815;39.084962406015
00:14:35,500;110.73456790123457;159.6164383561644;140.51451800232277
00:14:36,0;167.6761363636364;150.70217391304348;89.86778115501508
00:14:36,500;84.86127167630057;173.6572104018914;157.24871794871794
00:14:37,0;125.61940298507463;115.33035714285714;120.30842745438754
00:14:37,500;135.15151515151516;89.25678496868473;92.58165728077222
00:14:38,0;133.92156862745102;67.19607843137258;79.62042177364961
00:14:38,500;96.44086021505376;100.49734042553197;114.01342975206609
00:14:39,0;230.61403508771937;178.65074626865677;218.5746606334841
00:14:39,500;78.592;86.61240310077523;101.75057028799546
00:14:40,0;100.04000000000003;97.38268156424581;108.89338749586534
00:14:40,500;367.97727272727263;320.07253003406845;252.68903803132025
00:14:41,0;82.74193548387095;51.74745417515275;53.613324175824175
00:14:41,500;324.6714285714286;241.90447761194034;196.37405305746202
00:14:42,0;89.05649717514122;85.33018867924531;96.77589134125611
00:14:42,500;33.47290640394088;38.44347826086957;40.78033898305083
00:14:43,0;186.9457364341086;191.79146919431278;175.2571745297309
00:14:43,500;148.1129943502824;129.20181818181814;171.33290952890792
00:14:44,0;62.79104477611941;46.56025015850155;42.598152424942306
00:14:44,500;168.9568345323741;174.9410430839003;160.9344827586207
00:14:45,0;73.25688073394495;65.46974063400572;75.7978181818181
00:14:45,500;78.49999999999999;111.79129129129124;159.45673389720287
00:14:46,0;118.89743589743593;82.08443708609272;106.64889466840049
00:14:46,500;53.02790697674417;138.87500000000003;84.13575667655783
00:14:47,0;197.29801324503316;206.12182741116743;177.98291233283823
00:14:47,500;140.88636363636363;119.9169054441262;91.28571428571425
00:14:48,0;70.88749999999999;87.8805970149254;81.29141716566869
00:14:48,500;92.96590909090912;133.23264184901018;116.56730769230766
00:14:49,0;36.940677966101696;47.275401069518715;41.72297297297295
00:14:49,500;329.90140845070425;217.82410423452768;228.46918918918902
00:14:50,0;146.05714285714276;195.3514285714286;196.4214145383103
00:14:50,500;55.25000000000002;107.66256157635465;117.48645833333352
00:14:51,0;215.9868421052632;216.58695652173904;174.0008972532585
00:14:51,500;244.44036697247702;237.02127659574472;277.643455882353
00:14:52,0;112.10204081632654;121.30855855855852;107.55482487464874
00:14:52,500;179.74683544303795;128.2013274336283;131.7774623678317
00:14:53,0;95.15841584158416;102.36881188118808;98.17211328976033
00:14:53,500;82.37558685446012;87.4615384615384;125.01359619306594
00:14:54,0;125.13942307692318;119.17850953206239;140.06782006920403
00:14:54,500;139.06870229007635;144.6844444444445;143.22266244057067
00:14:55,0;72.03636363636363;74.34079601990054;59.506217144956786
00:14:55,500;100.29310344827584;72.18108651911467;82.01328903654489
00:14:56,0;75.47368421052632;103.3655589123867;72.77521842732327
00:14:56,500;120.44285714285716;126.81081081081092;143.8158740942029
00:14:57,0;27.439024390243897;45.6765957446808;38.44851657940663
00:14:57,500;207.29268292682926;177.18283606995058;158.59747545582053
00:14:58,0;212.8809523809524;218.65242165242165;168.81385362635373
00:14:58,500;45.942857142857136;108.98664122137404;71.83730626005367
00:14:59,0;101.66355140186914;67.83764705882355;67.06254826254816
00:14:59,500;142.6158536585366;155.40182648401816;144.2167523879503
00:15:00,0;243.564935064935;313.9668145397019;224.36827195467447
00:15:00,500;34.023809523809526;19.78232758620693;19.89202898550726
00:15:01,0;116.65771812080537;162.2619589977221;199.2190568494142
00:15:01,500;44.49735449735453;32.54423076923075;52.29839471199238
00:15:02,0;144.00925925925924;230.09951456310668;182.24743262689654
00:15:02,500;218.42735042735043;93.8192371475953;101.8800239952009
00:15:03,0;137.29059829059827;162.07611548556423;96.41311475409836
00:15:03,500;172.74603174603166;202.6114285714285;152.60622568093382
00:15:04,0;133.79411764705884;90.71999356775305;96.69979852249834
00:15:04,500;138.719512195122;105.34358974358976;96.69722309389066
00:15:05,0;74.57575757575758;73.05415162454878;46.79608081448595
00:15:05,500;66.0967741935484;79.45935957116662;81.02733485193615
00:15:06,0;264.13333333333344;185.95067264573999;185.64613736095507
00:15:06,500;95.57142857142857;82.38157894736842;67.62714508580339
00:15:07,0;455.94845360824735;522.6267123287672;398.50168728908886
00:15:07,500;33.683397683397686;46.91206896551726;53.223270440251525
00:15:08,0;190.39378238341968;241.59863945578232;235.30105777054516
00:15:08,500;107.33098591549296;114.01554404145078;97.80502665651183
00:15:09,0;87.53164556962022;136.7784176224401;149.62393162393158
00:15:09,500;38.19607843137255;30.516441005802736;33.78524124881744
00:15:10,0;405.6515151515151;175.6822429906542;224.19129646418872
00:15:10,500;104.0782608695652;92.51126126126131;61.63569405099159
00:15:11,0;542.1351351351351;292.31630170316316;236.70724191063184
00:15:11,500;47.426008968609864;71.5081967213115;79.38235294117648
00:15:12,0;103.42682926829268;128.1913043478261;114.73116691285084
00:15:12,500;83.42592592592591;110.56968215158925;104.83073800042301
00:15:13,0;168.75000000000003;146.7455830388692;123.52756756756757
00:15:13,500;122.26760563380282;97.57264957264957;82.02611218568671
00:15:14,0;55.13000000000001;89.44559585492227;95.08416289592758
00:15:14,500;259.6913580246912;198.6090534979424;232.28485757121447
00:15:15,0;200.4414414414414;162.13832853025943;208.3797195253505
00:15:15,500;215.37566137566137;172.24776785714286;204.71369975389655
00:15:16,0;31.34375000000003;47.48983739837398;50.205702647657844
00:15:16,500;66.24806201550388;98.10610932475885;52.526156178923436
00:15:17,0;310.8067226890757;421.28488372093074;361.94415718717727
00:15:17,500;21.839506172839506;19.339853300733495;17.343866171003725
00:15:18,0;146.8815789473685;106.95824634655531;141.82076249999994
00:15:18,500;105.66242038216565;135.6104651162792;89.1557522123895
00:15:19,0;128.93491124260356;101.86913229018492;142.839446366782
00:15:19,500;30.013761467889907;39.96479999999997;54.72758037225045
00:15:20,0;117.50961538461539;78.5606060606061;85.41087130295767
00:15:20,500;159.7638888888889;143.6748971193417;113.79892601431973
00:15:21,0;144.88172043010755;195.03138075313808;176.8214032600992
00:15:21,500;65.71578947368421;44.32595573440644;40.09030303030308
00:15:22,0;193.74193548387092;185.85478547854785;155.1199226305608
00:15:22,500;234.31297709923652;233.62061403508773;181.95393153405772
00:15:23,0;83.0952380952381;81.0048076923077;65.94236791979938
00:15:23,500;95.34210526315789;94.40723981900449;80.0595611285267
00:15:24,0;51.46583850931675;57.46737213403881;70.49031773293247
00:15:24,500;202.90598290598288;227.83215130023643;181.67830758898629
00:15:25,0;107.90151515151517;95.48262548262548;94.41588447653437
00:15:25,500;59.10106382978725;63.36101694915253;78.93826642579778
00:15:26,0;97.9389312977099;127.82795698924741;94.8703837798697
00:15:26,500;54.25;87.94392523364493;86.77786438035861
00:15:27,0;513.7323943661971;315.0194552529183;290.91206313416
00:15:27,500;72.38281249999999;63.35010482180301;79.43772241992876
00:15:28,0;57.81333333333333;40.2704225352113;48.99354515273719
00:15:28,500;266.4111111111112;368.1021126760565;262.8613471502592
00:15:29,0;50.55555555555558;53.9593023255814;43.55994978028878
00:15:29,500;37.305555555555564;43.53577661431067;36.1394938198941
00:15:30,0;140.93478260869566;221.00750000000014;236.5831180017224
00:15:30,500;38.457831325301186;59.05958549222797;65.56517602283539
00:15:31,0;67.38260869565218;87.49079754601226;82.05420353982304
00:15:31,500;211.36144578313252;209.20848056537108;182.72314507198223
00:15:32,0;250.47959183673458;415.39527027027015;291.74175199089865
00:15:32,500;267.5505617977528;244.45042492917844;247.35368217054275
00:15:33,0;153.55696202531644;127.71428571428567;96.20739404869245
00:15:33,500;39.16153846153847;67.37414965986399;47.2657621707901
00:15:34,0;146.80232558139537;209.54643628509712;207.4317336023862
00:15:34,500;23.373563218390807;34.389705882352914;42.485478522773256
00:15:35,0;241.33516483516485;200.34273318872016;175.70892351274796
00:15:35,500;82.7510373443983;140.1001821493624;118.4464944649443
00:15:36,0;60.816326530612216;68.61081081081075;22.1155580608794
00:15:36,500;442.4415584415584;411.1174603174603;256.7400252335528
00:15:37,0;74.27659574468086;84.22574955908289;66.586732186732
00:15:37,500;132.07801418439718;123.98349056603784;108.02635228848825
00:15:38,0;89.26136363636364;120.10572687224673;102.25205479452063
00:15:38,500;28.623966942148737;40.26589595375721;42.3928358208955
00:15:39,0;40.828828828828826;71.6804347826087;104.64634146341464
00:15:39,500;204.5753424657534;196.84403669724787;168.1173076923077
00:15:40,0;117.79999999999997;110.84242424242424;104.61630218687868
00:15:40,500;106.21238938053098;132.2879746835443;114.9398907103825
00:15:41,0;94.34146341463416;60.42321428571428;77.12298136645951
00:15:41,500;242.11347517730528;166.4392523364486;201.73401534526863
00:15:42,0;76.11299435028249;255.368544600939;194.2240584259994
00:15:42,500;50.44604316546762;47.54980079681275;68.49487870619944
00:15:43,0;143.81818181818187;220.52173913043478;173.3421851289833
00:15:43,500;94.43801652892562;131.40225563909777;114.67519804996974
00:15:44,0;101.96774193548386;81.73784355179711;105.43937125748516
00:15:44,500;167.77348066298342;157.1694290976059;139.54425000000006
00:15:45,0;22.905063291139225;28.477223427331886;27.433643279797128
00:15:45,500;69.45701357466066;99.51882160392789;94.48638838475499
00:15:46,0;111.56818181818178;107.10028653295129;85.25388210172572
00:15:46,500;53.71794871794871;71.00242718446597;61.50821167883214
00:15:47,0;111.58709677419355;239.2724550898204;243.78898007034033
00:15:47,500;47.468750000000014;79.30540540540542;90.37856328392247
00:15:48,0;281.59793814433004;176.92628205128202;192.98377752027804
00:15:48,500;163.9236111111111;173.30266343825667;192.83078393881453
00:15:49,0;114.65957446808511;96.3352941176471;98.16718027734973
00:15:49,500;305.6400000000001;120.62711864406772;120.9527156549518
00:15:50,0;97.13829787234043;97.97887323943658;86.47091633466135
00:15:50,500;316.81720430107526;228.97115384615384;123.99763941186573
00:15:51,0;174.29310344827593;95.89858490566037;85.289118347895
00:15:51,500;73.1238938053097;49.03074141048826;44.41499330655961
00:15:52,0;68.67088607594937;38.068736141906875;33.95494071146244
00:15:52,500;290.0144927536232;275.6066176470588;288.07614942528767
00:15:53,0;130.990291262136;197.9509536784742;205.17584223500398
00:15:53,500;79.61194029850746;54.04593639575971;38.994636015325696
00:15:54,0;59.38095238095236;69.13942307692312;58.10316368638238
00:15:54,500;26.635467980295584;18.644028103044466;38.39308111249635
00:15:55,0;372.01219512195104;442.2958057395143;642.005889281507
00:15:55,500;28.441988950276254;41.496309963099634;82.02946428571433
00:15:56,0;58.11747851002863;53.89061224489801;62.945528455284624
00:15:56,500;28.126794258373188;32.997534921939206;35.7588769611891
00:15:57,0;42.428694581280794;37.84153005464483;39.54350161117074
00:15:57,500;23.74858757062147;32.88512396694218;29.00000000000001
00:15:58,0;32.11718750000001;38.5600676818951;28.93076923076917
00:15:58,500;61.89602446483179;32.52985702270817;46.17166666666671
00:15:59,0;42.55443037974685;62.933035714285715;52.08281389136245
00:15:59,500;29.100478468899517;34.127289377289344;53.974836905871406
00:16:00,0;67.64902506963793;41.164567590260305;59.85631709331131
00:16:00,500;37.54972375690607;69.98317757009343;61.343228200371136
00:16:01,0;56.79527559055114;66.12264150943395;50.07787274453943
00:16:01,500;34.26699029126215;47.020636285468626;41.30025662959798
00:16:02,0;53.04779411764707;36.6861538461539;24.625000000000007
00:16:02,500;33.461538461538446;35.95973782771536;40.80056179775282
00:16:03,0;50.807407407407396;39.59388646288203;59.18657367044461
00:16:03,500;29.70880361173814;53.630646589902575;51.52177777777781
00:16:04,0;30.02517985611511;52.142121524201876;50.07574206755376
00:16:04,500;48.70746268656718;85.47610294117649;55.099094881398244
00:16:05,0;66.75884244372992;59.207343412526974;47.16755602988262
00:16:05,500;51.677419354838726;49.389801210025915;55.949676079216864
00:16:06,0;29.593908629441632;44.13492741246798;41.321155480033944
00:16:06,500;62.54436450839328;55.19735682819387;55.041556145004456
00:16:07,0;28.55922865013773;41.00262697022765;33.53191489361703
00:16:07,500;41.23115577889449;38.83705140640155;45.02793834296722
00:16:08,0;72.39372822299651;51.57731015553516;52.71546203110706
00:16:08,500;12.66842105263158;25.341511285574086;16.302941176470597
00:16:09,0;49.30543933054393;36.53158705701087;39.40972222222229
00:16:09,500;67.34716981132075;78.49178403755862;80.52298850574711
00:16:10,0;147.85173501577302;129.81642512077292;190.40097799511
00:16:10,500;61.67741935483873;48.61736334405146;46.37409493161706
00:16:11,0;41.6578171091445;35.57262996941897;36.11119573495809
00:16:11,500;50.57728706624604;41.35093798003078;45.794212218649484
00:16:12,0;46.433962264150956;52.69620253164556;52.18385214007782
00:16:12,500;53.00769230769231;42.70490440565254;41.930543933054324
00:16:13,0;33.629310344827616;38.230635335074005;41.13592233009708
00:16:13,500;35.823188405797104;33.719683487132286;37.72667757774137
00:16:14,0;49.824175824175846;51.03146067415724;39.09539842873178
00:16:14,500;15.53280839895013;21.137184115523468;21.76475849731665
00:16:15,0;14.749403341288792;25.58124494745349;15.626525630594026
00:16:15,500;22.524210526315805;22.05028386050287;23.74576271186439
00:16:16,0;48.12500000000002;30.98874598070739;25.510931174089073
00:16:16,500;18.92332268370606;40.28796296296295;35.82790697674422
00:16:17,0;58.99285714285714;58.28127939793039;62.28624883068288
00:16:17,500;36.007407407407406;46.45590828924161;58.57954826096877
00:16:18,0;32.85604113110543;45.979729729729684;33.19409282700422
00:16:18,500;46.350125944584384;36.719560094265496;46.7661927330174
00:16:19,0;19.633766233766238;32.93362068965518;35.589134125636676
00:16:19,500;23.723514211886304;34.60318095584612;23.890202702702673
00:16:20,0;184.095785440613;238.218336483932;246.45290199809708
00:16:20,500;76.53403141361261;46.80892448512589;58.07574857708491
00:16:21,0;48.591715976331336;51.365254237288156;45.507785467128016
00:16:21,500;43.80203045685279;41.54231433506045;42.208215632431596
00:16:22,0;40.19498607242339;47.739173228346466;46.7624148003895
00:16:22,500;39.96611358905742;47.88681010289991;39.19256434699713
00:16:23,0;55.52071005917158;45.051470588235354;51.84224841341791
00:16:23,500;43.45259938837921;42.03707136237256;38.61439114391145
00:16:24,0;39.57530120481927;41.33809330268558;38.26515151515155
00:16:24,500;31.32835820895525;31.787902592301638;29.28088119590878
00:16:25,0;26.487272727272728;31.85737439222037;24.24877650897226
00:16:25,500;89.89814814814815;76.81031307550649;74.2480885035466
00:16:26,0;44.21578947368422;48.943686006825956;42.6661823633743
00:16:26,500;42.468164794007485;39.52468538238136;30.966183574879253
00:16:27,0;30.067469879518068;38.4218415417559;43.224814422057285
00:16:27,500;41.825153374233196;59.02395833333336;59.39049586776856
00:16:28,0;33.38461538461538;44.068886337543034;39.47575057736721
00:16:28,500;33.10249307479226;43.656084656084595;45.84066901408454
00:16:29,0;51.86141304347825;42.676936619718326;38.112099644128115
00:16:29,500;52.946666666666765;48.94306703397614;38.56513761467888
00:16:30,0;38.916;44.771455223880665;47.359925788497215
00:16:30,500;80.37573964497037;50.692629815745356;56.20920502092053
00:16:31,0;41.18624641833808;39.45549738219897;24.074652777777775
00:16:31,500;37.11111111111117;41.45563139931743;38.98029134532989
00:16:32,0;34.66746411483253;66.42798013245041;46.68342951360261
00:16:32,500;38.00283286118981;37.64539007092204;44.82274509803921
00:16:33,0;87.91581632653062;61.785599999999974;60.0690208667737
00:16:33,500;48.75189873417719;56.28450465707023;36.693998309382884
00:16:34,0;19.300448430493276;49.97058823529403;24.236917038827855
00:16:34,500;23.477900552486197;46.10318225650918;35.82495164410062
00:16:35,0;55.506024096385524;37.03921568627451;34.28622540250445
00:16:35,500;51.25080385852085;72.63948497854082;58.42955920484008
00:16:36,0;33.55145118733509;46.654220779220836;64.89716599190278
00:16:36,500;21.26530612244899;38.79038939519468;24.638524590163918
00:16:37,0;40.372990353697766;69.42404006677793;48.84680134680135
00:16:37,500;37.37244897959181;52.87870370370368;59.435944700460844
00:16:38,0;74.31501831501832;60.74732334047122;47.58405172413795
00:16:38,500;44.57333333333333;50.13283828382844;48.946192052980166
00:16:39,0;45.07366071428568;51.71336996336997;36.08073394495408
00:16:39,500;33.411003236245946;45.05004812319541;41.78414517669531
00:16:40,0;25.516129032258085;44.96372629843365;42.62034739454097
00:16:40,500;46.62948207171314;57.855583543240996;32.65106382978721
00:16:41,0;40.29239766081864;37.447815533980624;45.922705314009654
00:16:41,500;30.627450980392165;46.46582278481014;51.21739130434784
00:16:42,0;147.30813953488376;116.27003484320542;124.1264957264957
00:16:42,500;20.782022471910114;36.57372400756147;29.72312083729782
00:16:43,0;27.428134556574925;23.927924159769546;27.42311033883579
00:16:43,500;38.32971014492754;56.60808080808077;78.02032520325213
00:16:44,0;63.836601307189554;36.65397631133678;53.50753768844225
00:16:44,500;48.142857142857146;53.727708533077696;57.18242597898743
00:16:45,0;43.142857142857125;21.610534716679926;38.60450160771703
00:16:45,500;34.56122448979592;72.50444444444433;74.98405407879886
00:16:46,0;57.783561643835576;73.45307769929362;75.570996978852
00:16:46,500;92.815668202765;49.23352713178296;33.81334028007223
00:16:47,0;76.75170068027212;51.33826429980275;52.671875000000036
00:16:47,500;48.28440366972478;59.93700787401573;34.6301188903567
00:16:48,0;101.84897025171632;81.074144486692;50.03834757834761
00:16:48,500;90.50871080139375;125.41658341658342;132.93069306930687
00:16:49,0;49.49698795180725;66.47644444444443;49.82263814616759
00:16:49,500;66.02654867256636;48.13653136531365;50.18012422360251
00:16:50,0;48.113712374581915;78.6388616290481;64.46396841066125
00:16:50,500;56.619354838709704;89.7108559498956;65.88877338877333
00:16:51,0;88.76666666666667;59.762424242424245;60.72699216712262
00:16:51,500;66.46749226006189;48.73684210526314;51.510101010101025
00:16:52,0;49.649831649831654;37.43235572374642;40.38612933458292
00:16:52,500;28.529051987767595;55.531937117674126;50.910745233968825
00:16:53,0;61.25108225108225;41.63765182186238;44.08051926936952
00:16:53,500;64.33876221498375;73.53254437869822;41.232558139534916
00:16:54,0;41.162629757785474;60.75273088381331;40.56700000000002
00:16:54,500;48.83879781420765;52.41535776614309;41.004314063848156
00:16:55,0;49.31331592689296;40.00651769087524;46.82500000000003
00:16:55,500;25.321715817694365;21.807692307692307;30.283919597989936
00:16:56,0;20.104072398190045;38.34697508896803;40.57513416815736
00:16:56,500;58.569444444444436;51.17870722433457;50.62878787878788
00:16:57,0;53.358695652173964;41.190257352941174;44.36774193548385
00:16:57,500;38.7267605633803;38.63971248876912;42.20837043633122
00:16:58,0;94.00990099009903;63.66090297790582;38.734615384615395
00:16:58,500;58.775132275132286;46.4541366906475;60.3019713261649
00:16:59,0;27.828235294117647;43.073386383731176;40.99646330680812
00:16:59,500;43.694267515923556;82.16478751084134;38.00608695652169
00:17:00,0;19.979228486646896;71.10337552742622;42.61562829989444
00:17:00,500;45.20059880239519;43.05305466237942;26.749196141479125
00:17:01,0;35.60327868852459;33.84240454914702;30.722312703583093
00:17:01,500;31.47645429362882;47.12933220625528;55.287521079258
00:17:02,0;82.4088235294117;46.15615531107526;30.670864819479448
00:17:02,500;77.79320987654317;58.328846153846136;61.077519379844944
00:17:03,0;40.418886198547206;48.08142493638678;36.86632825719121
00:17:03,500;21.505524861878463;31.861019932773385;33.8343434343434
00:17:04,0;76.45980707395503;65.19231089130449;61.076449912126535
00:17:04,500;43.790760869565204;39.5027777777778;42.69613259668504
00:17:05,0;44.41923076923077;35.289082969432286;34.05526315789474
00:17:05,500;51.10136986301368;85.15602836879425;79.62366548042704
00:17:06,0;48.28040540540541;38.923006416131976;32.34770642201838
00:17:06,500;35.38749999999997;18.466730038022828;20.83223992502345
00:17:07,0;54.55506607929515;37.604452054794606;27.967296601898664
00:17:07,500;42.89873417721519;44.88751289989676;49.136697018025366
00:17:08,0;103.41434262948208;47.04257425742577;48.142433234421354
00:17:08,500;26.966942148760335;30.77027027027026;30.7824978759558
00:17:09,0;60.15805471124622;41.470588235294095;46.23152709359602
00:17:09,500;51.03100775193798;76.08571428571436;50.219378427787944
00:17:10,0;35.88520408163268;55.31938125568698;46.44954128440371
00:17:10,500;40.05031446540884;44.263888888888886;82.5229268292683
00:17:11,0;34.34772182254198;44.30558015943313;37.3089285714286
00:17:11,500;19.84054054054054;27.66412213740456;30.236974789915955
00:17:12,0;31.402985074626848;33.28771640560585;44.11221945137164
00:17:12,500;65.93274853801175;49.85701676963809;51.61917326297267
00:17:13,0;98.67253521126763;39.64327979712594;50.16807432432433
00:17:13,500;112.01492537313433;68.81327800829878;65.83766909469293
00:17:14,0;63.59365994236311;96.89991796554551;51.60945273631838
00:17:14,500;41.652892561983464;64.75493716337519;54.711504424778774
00:17:15,0;52.494219653179194;54.52715121136174;36.198647506339846
00:17:15,500;24.233995584988957;36.96403508771931;44.98510078878182
00:17:16,0;36.14673913043478;46.439824945295406;46.49343544857773
00:17:16,500;79.0594405594405;51.28062157221205;62.316129032258054
00:17:17,0;55.92934782608695;47.998011928429406;48.400394477317555
00:17:17,500;22.93816631130066;67.0218978102189;36.55034465692545
00:17:18,0;56.33810888252149;84.19374068554396;91.82485029940119
00:17:18,500;71.92774566473985;42.47892720306513;52.282442748091604
00:17:19,0;26.734870317002883;68.57309322033893;97.48523206751042
00:17:19,500;39.36904761904761;25.814970563498733;61.786253143336076
00:17:20,0;14.22641509433963;18.563734290843808;22.356115107913677
00:17:20,500;26.702179176755454;26.953529937444163;23.603046594982075
00:17:21,0;26.753333333333337;23.886011787573683;27.39550374687761
00:17:21,500;37.94535519125682;35.08546325878595;30.21394230769227
00:17:22,0;48.54109589041096;23.68326180257511;36.22525597269627
00:17:22,500;17.708737864077655;29.137096774193527;57.8713567839197
00:17:23,0;16.10181818181817;25.06470588235295;50.64621848739492
00:17:23,500;40.76335877862596;53.90512540894219;61.28649237472779
00:17:24,0;170.4102564102564;44.21654501216543;70.70207570207559
00:17:24,500;70.0539682539683;62.649602824360116;106.40495137046861
00:17:25,0;43.33116883116883;125.67958412098291;81.58640226628901
00:17:25,500;11.666666666666668;20.469500924214415;18.602777777777778
00:17:26,0;18.78717948717946;24.884831460674164;34.779756326148075
00:17:26,500;54.88185654008441;33.78541342947432;28.24829600778968
00:17:27,0;51.95111111111108;44.44444444444445;41.927091963545955
00:17:27,500;30.930555555555568;26.460098522167474;30.78252234359487
00:17:28,0;145.96062992125997;76.37591911764709;99.22354014598548
00:17:28,500;15.323809523809524;77.8946113410399;58.971751412429406
00:17:29,0;141.72195121951208;60.3841567291312;52.382705479452056
00:17:29,500;91.84593837535014;71.83826086956525;89.13228894691031
00:17:30,0;18.503246753246742;30.23040752351092;22.655199374511383
00:17:30,500;20.285714285714292;23.14482200647249;23.71127331711272
00:17:31,0;29.18227848101265;27.266830870279097;24.71028806584362
00:17:31,500;24.957142857142856;20.40157480314958;30.798431372549015
00:17:32,0;49.58670520231214;43.98069852941178;38.58096510069581
00:17:32,500;276.6369636963698;277.8013833992095;307.8955078125
00:17:33,0;44.286274509803924;38.20533070088844;37.101796407185574
00:17:33,500;47.89679715302491;43.7308377896613;50.919368974583705
00:17:34,0;50.31818181818182;47.67829787234042;40.984509466437174
00:17:34,500;61.117346938775455;41.62396313364054;50.232304900181504
00:17:35,0;16.16942148760332;22.30258689441042;23.41977800201817
00:17:35,500;22.89718482252146;57.74127557160049;34.74915032098988
00:17:36,0;17.596802841918286;45.25520833333331;42.7336860670194
00:17:36,500;39.63052781740369;119.73901098901099;37.12482269503543
00:17:37,0;14.106041923551174;27.998763906056897;38.83007334963327
00:17:37,500;49.567901234567884;39.67852257181949;39.95473251028805
00:17:38,0;28.340425531914846;35.55310090512905;13.909478168264114
00:17:38,500;26.241223103057777;28.442199775533098;21.43050847457627
00:17:39,0;24.098439375750296;20.177884615384606;20.385922330097095
00:17:39,500;29.414670658682635;21.945864661654156;32.241124260354994
00:17:40,0;8.502738225629768;10.189956331877736;8.480832420591453
00:17:40,500;31.792982456140344;20.654394299287393;28.967058823529403
00:17:41,0;15.132337246531481;16.589114194236924;15.771276595744661
00:17:41,500;14.724022346368715;19.572858731924384;16.964404894327
00:17:42,0;17.378410438908663;16.70142180094787;14.040621266427715
00:17:42,500;22.144549763033176;25.586904761904755;22.542011834319545
00:17:43,0;15.21305841924399;16.076396807297606;15.867124856815565
00:17:43,500;18.13700107874865;15.356504450605579;23.90772532188841
00:17:44,0;14.475138121546962;15.31491712707182;11.137777777777778
00:17:44,500;13.598006644518255;18.874164810690445;11.692904656319294
00:17:45,0;19.306242638398125;22.89163722025912;24.314988290398123
00:17:45,500;19.648745519713227;19.9166666666667;19.909090909090928
00:17:46,0;20.642688679245293;22.738011695906433;18.907692307692304
00:17:46,500;18.502096436058686;20.239915074309987;21.093585699263933
00:17:47,0;12.059375;12.911366006256518;15.314641744548299
00:17:47,500;20.906387665198213;31.030467899891136;20.638368246968035
00:17:48,0;15.677083333333306;14.557428872497361;16.672575599582885
00:17:48,500;14.553745928338763;18.02478448275865;12.285753938783676
00:17:49,0;20.944168734491313;25.208695652173912;19.804968944099375
00:17:49,500;28.07731958762884;28.569426751592346;32.04568527918779
00:17:50,0;15.617112299465266;15.93159609120522;17.65800865800868
00:17:50,500;17.501152073732733;22.178409090909117;18.625717566016075
00:17:51,0;17.475955610357552;17.585732165206505;17.835365853658537
00:17:51,500;19.43167028199566;20.850162866449494;18.960741548527817
00:17:52,0;20.301304863582434;19.693034238488796;19.42316784869977
00:17:52,500;19.05164319248824;18.492941176470534;18.53395784543324
00:17:53,0;17.331509846827124;18.412803532008837;17.527131782945734
00:17:53,500;14.138660399529964;16.66627634660424;14.397660818713447
00:17:54,0;18.048403707518034;18.024615384615398;14.282051282051293
00:17:54,500;17.251336898395735;17.515991471215358;12.69887756129769
00:17:55,0;16.245108135942395;17.5122950819672;18.46216768916156
00:17:55,500;20.1694915254237;14.594095940959402;19.393382352941195
00:17:56,0;18.155982905982913;20.933261571582324;17.50213675213675
00:17:56,500;16.99873737373737;15.423602484472063;19.592088998763934
00:17:57,0;21.32835820895521;18.006600660066;15.92060810810811
00:17:57,500;30.807747489239592;34.13180515759314;20.955395683453208
00:17:58,0;24.458246346555324;14.594936708860756;26.013569937369514
00:17:58,500;17.695749440715893;13.77036199095023;16.330672748004577
00:17:59,0;21.52423900789177;30.780379041248572;30.519780219780177
00:17:59,500;15.579066890166033;15.692113111087444;15.133333333333358
00:18:00,0;19.593037214885936;18.809296781883162;20.02031063321386
00:18:00,500;15.174418604651162;16.514106583072106;12.568565400843886
00:18:01,0;15.928416485900179;14.54754098360657;17.918300653594756
00:18:01,500;15.383849557522128;11.652125279642053;11.256921373200443
00:18:02,0;19.190243902439025;15.640192539109506;15.06609547123622
00:18:02,500;15.4094922737307;24.130820399113098;20.306681270536686
00:18:03,0;7.737804878048783;10.786924939467319;11.53977968176254
00:18:03,500;9.103362391033624;10.516129032258064;15.42910447761194
00:18:04,0;12.273885350318457;24.12882653061224;19.447837150127214
00:18:04,500;19.371958285052145;15.287703016241304;15.703016241299313
00:18:05,0;28.920177664974645;16.798212005108567;30.008928571428516
00:18:05,500;46.630666666666684;48.036388140161726;56.67814569536421
00:18:06,0;13.808780487804889;14.438596491228095;11.143835616438352
00:18:06,500;21.033149171270736;22.697547683923702;22.04545454545453
00:18:07,0;13.87591240875912;19.305043050430513;21.80940892641738
00:18:07,500;25.174033149171265;32.79863013698629;26.068775790921567
00:18:08,0;13.226826608505997;14.48140043763675;15.332606324972746
00:18:08,500;15.608323133414927;14.923076923076932;16.621287128712886
00:18:09,0;15.6729857819905;12.3729216152019;12.056085918854418
00:18:09,500;10.761748633879778;10.80748074807481;19.861655773420487
00:18:10,0;29.5096525096525;34.12645161290321;38.51746442432082
00:18:10,500;12.617795753286144;14.485887096774185;15.65558912386705
00:18:11,0;13.1625730994152;12.72599531615926;14.423076923076906
00:18:11,500;23.358036375606943;27.337677725118475;14.054021608643462
00:18:12,0;25.189048239895715;25.44531249999999;27.47286821705425
00:18:12,500;14.082224909310755;14.537240537240539;11.694478527607375
00:18:13,0;10.24912689173457;9.86505190311419;12.50400916380298
00:18:13,500;5.419098143236075;5.813581890812243;5.255088195386704
00:18:14,0;15.946996466431102;14.675263774912066;15.616724738675966
00:18:14,500;14.476635514018696;14.945664739884391;11.123529411764705
00:18:15,0;21.42567567567568;21.34710743801654;26.005412719891766
00:18:15,500;11.468716861081653;11.791139240506345;16.003191489361708
00:18:16,0;23.829268292682926;28.313432835820887;28.324106113033448
00:18:16,500;7.866910866910865;7.368486352357323;8.045177045177045
00:18:17,0;17.70334928229667;10.481012658227845;9.109324758842439
00:18:17,500;5.488771466314398;7.396551724137931;10.54046997389034
00:18:18,0;9.654124457308235;5.714701601164484;5.339181286549708
00:18:18,500;18.149739583333332;36.32129032258064;25.009032258064536
00:18:19,0;38.65711009174312;16.042843696424345;34.117578579743856
00:18:19,500;9.484606613454961;18.21997755331089;15.459887005649708
00:18:20,0;22.731207289293867;27.26582278481013;24.873853211009166
00:18:20,500;11.46805555555554;27.487603305785143;16.845417236662083
00:18:21,0;23.911646533828076;26.74089935760169;21.5505376344086
00:18:21,500;21.794219653179198;25.072164948453597;29.214452214452237
00:18:22,0;19.872894333843785;20.22256097560975;16.278713629402755
00:18:22,500;8.899892357373522;7.7763300760043395;9.243562231759652
00:18:23,0;4.042956729154067;5.176079734219263;5.487858719646795
00:18:23,500;11.19538834951456;12.854700854700855;11.767272727272722
00:18:24,0;11.520262869660462;10.576457645764576;11.742098609355248
00:18:24,500;14.335999999999995;17.934210526315816;14.167767503302512
00:18:25,0;13.664215686274515;12.897138572778442;14.60613496932515
00:18:25,500;20.368817204301052;20.100534759358272;21.615965480043158
00:18:26,0;8.051546391752579;10.738872403560837;7.602639296187685
00:18:26,500;11.116279069767453;10.747000000000009;11.746208291203232
00:18:27,0;14.899745627980927;11.219454329774612;14.130588235294121
00:18:27,500;15.04127358490566;12.23258559622196;9.930177514792883
00:18:28,0;15.98728223543068;17.01871101871102;17.33159541188737
00:18:28,500;18.123100303951343;29.813455657492316;30.526799387442622
00:18:29,0;17.808314087759815;15.794663573085863;17.088914549653552
00:18:29,500;16.262863534675606;19.881298992161238;16.65280898876402
00:18:30,0;14.994722955145122;16.329856584093864;19.845360824742265
00:18:30,500;19.700000000000017;22.36677814938682;25.105381165919304
00:18:31,0;13.678719008264464;13.095777548918642;14.980412371133994
00:18:31,500;17.26598837209302;22.901306240928868;18.608946608946614
00:18:32,0;14.90081680280047;12.949707602339199;11.165887850467286
00:18:32,500;3.8745945945945923;3.1484290357529794;6.583783783783785
00:18:33,0;2.7175257731958737;2.343268242548818;3.1428571428571446
00:18:33,500;2.6028761061946915;2.6783369803063506;2.4906900328587045
00:18:34,0;4.486522911051214;4.305236486486486;3.77027027027027
00:18:34,500;4.732758620689654;5.316250000000004;4.763387297633882
00:18:35,0;8.363057324840762;10.69984447900466;7.357710651828292
00:18:35,500;12.016357688113409;11.863088718510406;13.866158868335146
00:18:36,0;11.447287615148415;11.463886063072234;11.400204708290685
00:18:36,500;10.272428884026255;10.124861878453043;13.796296296296296
00:18:37,0;14.282657657657655;17.012304250559286;16.36220472440945
00:18:37,500;24.948837209302337;25.279445727482663;16.95732410611306
00:18:38,0;16.54491017964071;7.049160671462827;13.863636363636369
00:18:38,500;3.460282916213273;3.450549450549451;3.6992316136114174
00:18:39,0;6.623684210526321;6.631233595800531;6.169513797634696
00:18:39,500;8.792873051224948;8.878266583914431;8.160714285714286
00:18:40,0;5.924198250728864;5.837758112094392;5.1909620991253655
00:18:40,500;5.324200913242012;5.5384803657880575;5.562929061784893
00:18:41,0;5.792746113989638;5.828608247422684;7.611321192821845
00:18:41,500;16.899053627760225;15.626455026455055;18.382911392405095
00:18:42,0;17.487012987012978;14.849729729729718;15.278317152103567
00:18:42,500;18.887966804979254;19.019812304483832;13.295287958115184
00:18:43,0;13.123667377398716;14.137380191693294;12.869379014989304
00:18:43,500;13.990011098779142;13.55199115044246;15.663736263736249
00:18:44,0;20.68548387096774;24.691954022988504;22.456018518518537
00:18:44,500;4.996739130434785;5.027262813522351;4.949134199134197
00:18:45,0;13.67789473684211;15.123417721518994;13.82470960929251
00:18:45,500;14.689583333333347;14.171517671517675;13.610995850622405
00:18:46,0;14.326133909287265;16.714743589743605;14.147751605995726
00:18:46,500;8.426710097719884;6.8373496445585085;6.557608695652174
00:18:47,0;21.496871088861077;14.402241594022419;15.009962640099632
00:18:47,500;14.997070312500036;10.674486803519065;5.730656219392749
00:18:48,0;40.53550335541432;29.06979166666667;32.5769633507853
00:18:48,500;28.88684719535784;26.560975609756095;24.977604673807196
00:18:49,0;3.5869565217391304;5.098250336473757;4.446236559139784
00:18:49,500;15.932810750279947;16.148603351955302;16.10874439461881
00:18:50,0;21.50890585241731;23.30395913154533;21.56722151088348
00:18:50,500;14.269311064718153;16.605619146722155;14.627329192546584
00:18:51,0;15.53348729792147;15.660939289805327;15.435891544117643
00:18:51,500;17.418322295805776;13.096989966555183;13.893569844789358
00:18:52,0;10.244692737430155;11.7914798206278;10.118568232662195
00:18:52,500;13.276796230859835;17.669789227166262;16.343896713615035
00:18:53,0;12.817441860465133;9.935672514619892;9.561117578579754
00:18:53,500;12.931767337807603;18.27293064876953;13.525784753363231
00:18:54,0;10.790784557907832;10.103144654088052;15.940224159402248
00:18:54,500;10.546067415730342;10.078037904124864;6.059483726150389
00:18:55,0;5.002985074626865;11.052631578947356;6.341293532338309
00:18:55,500;14.797874027177619;18.029585798816594;15.582938388625612
00:18:56,0;15.018967334035823;16.893730074388944;15.62248144220573
00:18:56,500;14.658798283261804;16.592315901814306;14.716594827586215
00:18:57,0;13.457111834962;15.396946564885493;13.496208017334771
00:18:57,500;16.16910935738445;14.476457399103131;26.29129464285712
00:18:58,0;14.806524184476952;17.561003420752545;16.2537142857143
00:18:58,500;18.203438395415468;36.349788434414684;26.29930069930069
00:18:59,0;15.343594836146929;24.431568431568426;18.85255767301909
00:18:59,500;18.603026775320135;14.910360884749707;15.15573770491803
00:19:00,0;15.824654622741736;18.739985097623194;15.062039957939003
00:19:00,500;13.598583234946867;16.0554245283019;15.75764705882353
00:19:01,0;26.626744186046512;17.20070011668608;24.501170960187363
00:19:01,500;33.73087818696885;29.174894217207292;34.72740112994348
00:19:02,0;14.58539325842697;11.013559322033881;12.978555304740407
00:19:02,500;9.9516129032258;7.835063437139563;8.72528735632185
00:19:03,0;20.259259259259274;21.046208530805693;18.437770026492117
00:19:03,500;24.59698025551685;26.258215962441323;28.004672897196244
00:19:04,0;14.741266375545852;15.304864864864875;21.532100108813925
00:19:04,500;17.741147741147714;13.478855721393044;19.083538083538105
00:19:05,0;14.55487053020961;19.018270401948843;16.782846881251135
00:19:05,500;17.394565217391282;21.65422612513721;12.015469613259674
00:19:06,0;12.62360801781737;22.903804136362268;22.362334801762138
00:19:06,500;15.249027198498109;19.857463524130182;14.094104308390031
00:19:07,0;22.71634121274405;23.15576323987539;25.310488058151602
00:19:07,500;11.48143982002251;15.118303571428571;19.566037735849047
00:19:08,0;13.36436781609195;15.525891829689298;15.948275862068963
00:19:08,500;13.123258306538052;19.237324703344107;13.416396979503775
00:19:09,0;14.743915343915342;26.01785714285715;15.977941176470573
00:19:09,500;26.41351074718526;18.60245901639347;12.932377049180328
00:19:10,0;15.864864864864881;13.740467404674037;11.10740740740742
00:19:10,500;11.775722543352606;16.254901960784306;26.58006535947713
00:19:11,0;9.60893246187364;13.740820734341268;10.488599348534198
00:19:11,500;19.101159114857744;19.60168598524763;25.008376963350777
00:19:12,0;29.775956284152997;24.72307692307692;22.485619469026574
00:19:12,500;12.177083333333343;18.12785862785859;15.497933884297527
00:19:13,0;25.002229654403575;16.315789473684184;23.99549549549548
00:19:13,500;13.107311320754711;11.749999999999998;27.459268004722553
00:19:14,0;16.58449074074074;13.835063437139562;11.528801843317968
00:19:14,500;25.970103092783518;21.720164609053526;22.110779043091288
00:19:15,0;39.98790322580645;61.89421157684631;54.172962226640166
